Index,User Id,First Name,Last Name,Sex,Email,Phone,Date of birth,JobTitle,date
1,4defE49671cF860,Sydney,Shannon,Male,tvang@example.net,574-440-1423x9799,2020-07-09,Technical brewer,2022-01-01 01:00
2,F89B87bCf8f210b,Regina,Lin,Male,helen14@example.net,001-273-664-2268x90121,1909-06-20,"Teacher, adult education",2022-01-01 01:00
3,Cad6052BDd5DEaf,Pamela,Blake,Female,brent05@example.org,927-880-5785x85266,1964-08-19,Armed forces operational officer,2022-01-01 01:00
4,e83E46f80f629CD,Dave,Hoffman,Female,munozcraig@example.org,001-147-429-8340x608,2009-02-19,Ship broker,2022-01-01 01:00
5,60AAc4DcaBcE3b6,Ian,Campos,Female,brownevelyn@example.net,166-126-4390,1997-10-02,Media planner,2022-01-01 01:00
6,7ACb92d81A42fdf,Valerie,Patel,Male,muellerjoel@example.net,001-379-612-1298x853,2021-04-07,"Engineer, materials",2022-01-01 01:00
7,A00bacC18101d37,Dan,Castillo,Female,billmoody@example.net,(448)494-0852x63243,1975-04-09,Historic buildings inspector/conservation officer,2022-01-01 01:00
8,B012698Cf31cfec,Clinton,Cochran,Male,glenn94@example.org,4425100065,1966-07-19,"Engineer, mining",2022-01-01 01:00
9,a5bd11BD7dA1a4B,Gabriella,Richard,Female,blane@example.org,352.362.4148x8344,2021-09-02,Wellsite geologist,2022-01-01 01:00
10,9540a6df05eF6cf,James,Bailey,Male,pittmanterrence@example.com,(629)632-4570x1832,1963-05-13,Graphic designer,2022-01-01 01:00
11,f967B4EcdF6B227,Shelby,Norton,Male,acannon@example.net,(164)034-4347x22022,2009-08-19,"Engineer, water",2022-01-01 01:00
12,326C83BbeC1BCFd,Jennifer,Lara,Female,davilacassidy@example.org,+1-915-351-2636x083,1962-03-29,Product manager,2022-01-01 01:00
13,d9dfB09F01e16EB,Howard,Sanders,Female,brucejoanna@example.org,001-931-852-5157x31682,1912-07-12,Web designer,2022-01-01 01:00
14,1E5b00F6AC95FD8,Stefanie,Dorsey,Female,xcrane@example.net,266-633-2107,1988-04-19,Homeopath,2022-01-01 01:00
15,1cfc2eDd75cfB01,Wyatt,Ali,Male,lawrenceluke@example.org,+1-204-855-1654x3158,1952-04-16,"Scientist, audiological",2022-01-01 01:00
16,c85FcEDF4D7dCA5,Jasmine,Wheeler,Male,xmontgomery@example.com,044-808-5012x5663,1912-08-13,Manufacturing systems engineer,2022-01-01 01:00
17,AD2Cd35dCaeD2AB,Arthur,Hart,Male,blittle@example.net,712-978-1974x94056,1939-02-16,Race relations officer,2022-01-01 01:00
18,Ca217c22e3fEf2c,Brandy,Shepherd,Female,ralph98@example.com,+1-324-844-1260x27820,1911-08-29,Administrator,2022-01-01 01:00
19,DDFea9C0D3b8Bda,Leon,Todd,Male,zhenderson@example.net,664-084-9864x4425,2011-12-24,Armed forces operational officer,2022-01-01 01:00
20,eeed253bcc5d02F,Stacey,Skinner,Female,paula37@example.com,026-376-9429x6935,1916-10-15,"Psychologist, counselling",2022-01-01 01:00
21,fF3Ec60D56618F6,Jesse,Whitehead,Female,travismcmahon@example.com,3846309885,2014-08-24,Financial trader,2022-01-01 01:00
22,5a8D1Ee16AC745C,Cassandra,Lee,Male,phillip81@example.net,(815)858-0952x098,1924-09-13,Fast food restaurant manager,2022-01-01 01:00
23,0b10Ca81BB80c92,Roberta,Fry,Male,fcastaneda@example.org,968.607.4345x9118,1931-01-28,Field trials officer,2022-01-01 01:00
24,F7c87cFa05d7Ae0,Shelia,Mack,Female,kendra83@example.com,+1-251-331-3457x0921,1941-09-11,Theme park manager,2022-01-01 01:00
25,1988E6dc66fE3c1,Kevin,Daugherty,Female,tferrell@example.com,001-969-975-4040x4681,2018-05-23,Paediatric nurse,2022-01-01 01:00
26,EdFb8786C3fb3F5,Sophia,Ramsey,Male,clintonmoses@example.net,(277)193-3138x4860,1968-12-20,Maintenance engineer,2022-01-01 01:00
27,bEbAbBbe0CEF2DE,Meghan,Schaefer,Female,acamacho@example.com,8037060293,1950-12-25,"Research officer, trade union",2022-01-01 01:00
28,c1e5C58fb6C310C,Carlos,Brock,Female,irivers@example.org,5825905746,1940-06-11,"Civil engineer, consulting",2022-01-01 01:00
29,C8B8dbcaD49ABC4,Lee,Vang,Female,nschroeder@example.org,(730)611-9811x572,1998-11-02,Magazine features editor,2022-01-01 01:00
30,1732acb0AbF8Fe6,Charlotte,Moyer,Female,lindseyhenderson@example.com,+1-184-778-5835,1915-08-23,Geophysicist/field seismologist,2022-01-01 01:00
31,47D1344dD38f9dA,Peter,Powell,Female,marcus96@example.net,001-323-475-3062x4640,2012-06-19,Operational investment banker,2022-01-01 01:00
32,1BadEfc295930D5,Bianca,Davidson,Male,richard43@example.org,(802)665-1186x36065,1971-12-17,Architectural technologist,2022-01-01 01:00
33,c0C6FDE3B8A00ce,Lonnie,Stevenson,Female,ballnicolas@example.org,536-028-4325x473,1907-04-24,Theatre manager,2022-01-01 01:00
34,9aA6f4ffcaDa437,Riley,Guerrero,Male,jane34@example.com,148.452.2587x542,1958-02-13,"Scientist, marine",2022-01-01 01:00
35,CABBcbad30Cadc3,Wanda,Cox,Female,mckinneydeanna@example.org,7325564344,2001-11-07,Analytical chemist,2022-01-01 01:00
36,6655Da972bCaE29,Adrian,Campbell,Female,ncallahan@example.net,(509)449-5071x93014,2003-07-17,Intelligence analyst,2022-01-01 01:00
37,8c602DdBCdD4F53,Edgar,Durham,Female,smunoz@example.org,6824150068,1992-07-26,Personnel officer,2022-01-01 01:00
38,aE4Cc6633DB8169,Dean,Krueger,Female,grant14@example.net,073.584.9209x8888,1932-02-05,Optometrist,2022-01-01 01:00
39,F1d5F4Bb51d5E6e,Tommy,Dominguez,Female,jdecker@example.org,(288)379-9377x005,1956-02-17,Community arts worker,2022-01-01 01:00
40,E0abEFAd4F6aDf9,Susan,Kennedy,Male,yolanda47@example.com,693-161-4195x8460,1946-03-16,Surgeon,2022-01-01 01:00
41,99fbDc5A7c23F5d,Alexis,Jackson,Male,williecalhoun@example.net,654.550.0521x088,1986-04-29,"Scientist, clinical (histocompatibility and immunogenetics)",2022-01-01 01:00
42,244FC4D9C25bD6c,Omar,Morrow,Male,friedmanzachary@example.net,(968)332-0487x1712,1966-03-11,"Engineer, energy",2022-01-01 01:00
43,daC3CA3Acda8Fe6,Sierra,Sosa,Male,jensencourtney@example.com,001-815-859-8794x7066,1961-10-02,"Teacher, music",2022-01-01 01:00
44,6206197dE5fB6Ca,Nicholas,Warren,Female,akrause@example.com,+1-719-543-6344,1981-01-30,Architect,2022-01-01 01:00
45,ea7f5e092fFABC8,Ashley,Kemp,Female,kluna@example.org,+1-384-682-4266x5461,1940-05-12,Paediatric nurse,2022-01-01 01:00
46,b0E5d9DA8035b7e,Jimmy,Harmon,Female,kmassey@example.net,494.714.3938x62015,2020-09-05,Bonds trader,2022-01-01 01:00
47,DFEdC4ED1AfAE8A,Jeremy,Mays,Female,daisymacdonald@example.org,2542461405,1958-05-11,Dispensing optician,2022-01-01 01:00
48,F4C2B8C70bB7bBA,Stuart,Kelly,Male,qodom@example.net,753.313.1231,2004-03-14,Firefighter,2022-01-01 01:00
49,7F63c2BDDAa80FB,Felicia,Flynn,Male,spencer09@example.net,(735)786-1600x6076,1966-11-29,Civil Service administrator,2022-01-01 01:00
50,BDC15c1f3f98c66,Sophia,Cruz,Female,murphylacey@example.net,002-395-2930,1959-03-30,Charity officer,2022-01-01 01:00
51,91f3f27b97F1707,Darin,Luna,Female,pcaldwell@example.com,(041)443-4351x5809,1964-10-28,Civil Service administrator,2022-01-01 01:00
52,E128612D3f62dfA,Andre,Castro,Female,simssummer@example.org,9394898758,1976-02-19,Chief of Staff,2022-01-01 01:00
53,f8fFfceFe177dFe,Herbert,Daniel,Male,carmen47@example.com,+1-235-190-8963x277,1974-09-01,Senior tax professional/tax inspector,2022-01-01 01:00
54,bAecac95fD4EDC9,Oscar,Dickerson,Female,qgordon@example.org,500.261.3312x295,1951-10-11,Clinical psychologist,2022-01-01 01:00
55,aa0bFEB37C05117,Alvin,Gonzales,Male,vanessariggs@example.com,891-131-0092x043,2002-12-20,"Scientist, product/process development",2022-01-01 01:00
56,94a8bA4EcD401DC,Shirley,Cuevas,Female,brendan99@example.net,(220)026-3075x72744,1987-08-01,Mental health nurse,2022-01-01 01:00
57,EAd1AF94d85DEcc,Ariel,Ayala,Female,carrolllisa@example.org,016.979.8987x0233,2011-06-21,Medical laboratory scientific officer,2022-01-01 01:00
58,66eeE1416ceebaF,Katrina,Whitaker,Male,beckyolsen@example.com,+1-151-002-1855x6122,1913-03-15,Government social research officer,2022-01-01 01:00
59,b3EBcFb8BCc3ECE,Andres,Barnett,Female,margaret21@example.com,+1-884-241-0089,1963-04-21,Market researcher,2022-01-01 01:00
60,Cac132cfBF07ae3,Rickey,Oconnell,Female,fryehayley@example.net,+1-031-207-3111x477,1939-01-14,Insurance account manager,2022-01-01 01:00
61,4b5b9EeA1D69dcA,Barry,Allen,Female,leroy47@example.org,101.712.2671x0321,1927-10-17,Music therapist,2022-01-01 01:00
62,88AcBA2bd6bebeE,Omar,Parrish,Female,toddkara@example.net,001-729-628-6142x89909,1987-02-14,Arts administrator,2022-01-01 01:00
63,8C169DbFb27fC1d,Danny,Woods,Female,eduardoharmon@example.net,001-501-130-5994x1665,1991-02-16,"Scientist, audiological",2022-01-01 01:00
64,93cc83aD0A621bb,Keith,Wise,Female,kristen21@example.net,905-233-0154,1989-09-01,Environmental education officer,2022-01-01 01:00
65,C52007CDB54faBd,Lucas,Jackson,Female,rick17@example.org,477-933-2561x3752,1926-09-24,"Development worker, community",2022-01-01 01:00
66,978f808B289dBC8,Janet,Padilla,Female,curtissally@example.org,523-659-8850x9978,1936-04-12,"Therapist, horticultural",2022-01-01 01:00
67,e9e1d45B9bEAfA6,Sheena,Chang,Female,latoya63@example.com,001-254-440-0798x9410,1943-07-19,Fashion designer,2022-01-01 01:00
68,491d0B27df90C31,Emily,Young,Male,evancollier@example.org,001-649-925-2124x8262,1943-08-20,Advertising copywriter,2022-01-01 01:00
69,ba234197EB9A3fb,Emily,Ray,Male,kristen34@example.net,795.488.8058x8270,1923-01-30,Archaeologist,2022-01-01 01:00
70,AF7DF2cDdc02DF7,Gerald,Ritter,Female,coltonknapp@example.org,+1-722-042-4038x55747,1940-05-23,"Engineer, biomedical",2022-01-01 01:00
71,df8e2fb311EaD1D,Kristy,Ellison,Female,tonya65@example.com,+1-118-196-0846,1977-05-26,Publishing rights manager,2022-01-01 01:00
72,49122BA8d9EaAB1,Alexa,Zavala,Female,acarroll@example.net,392.121.2603x5738,1960-06-06,Optometrist,2022-01-01 01:00
73,Ec2F00456EbFECf,Makayla,Delgado,Male,andrew04@example.com,(659)455-5619x6899,1955-01-30,Metallurgist,2022-01-01 01:00
74,b425892aCAb4609,Allen,Dougherty,Male,todd07@example.net,922.444.6333,1909-03-28,Corporate investment banker,2022-01-01 01:00
75,333C6B013914dCa,Bradley,Fitzgerald,Male,stouteddie@example.org,146-946-6873x70056,1951-04-19,"Production designer, theatre/television/film",2022-01-01 01:00
76,CFa35E0e9e26d3b,Kevin,Cherry,Male,oholland@example.net,+1-182-475-6928x851,1952-08-30,Writer,2022-01-01 01:00
77,Bd380BA6b7DcfcA,Catherine,Santos,Female,amanda60@example.net,+1-976-834-9617x579,1983-01-12,Financial manager,2022-01-01 01:00
78,5AE41FbF571aa8a,Jeanette,Yu,Female,blairhayden@example.com,+1-739-916-4451,1915-09-21,Primary school teacher,2022-01-01 01:00
79,a8015A20CDBFe05,Victor,Montoya,Male,debrasimmons@example.org,083.911.9070,1954-05-13,Financial planner,2022-01-01 01:00
80,93EcA8692E8fF17,Isaac,Medina,Female,annajacobs@example.org,430-278-7056,2000-10-09,Risk manager,2022-01-01 01:00
81,1EB6cC011Ed6dF2,Yolanda,Rasmussen,Female,marie15@example.com,001-509-660-9538x0791,1908-01-11,Insurance claims handler,2022-01-01 01:00
82,516F1DBe7dA6016,Rebekah,Chang,Male,archercasey@example.com,844.158.4398x596,2016-04-07,Air traffic controller,2022-01-01 01:00
83,1cC2Fa4bfc40D15,Jared,Blevins,Female,jquinn@example.com,+1-139-479-1743x37717,2003-03-05,Chartered public finance accountant,2022-01-01 01:00
84,7cDe03ab6aCb514,Hunter,Duran,Female,kaylagoodwin@example.com,001-647-232-5280x92630,1975-04-28,Arts administrator,2022-01-01 01:00
85,54F121C583AcCd5,Holly,Marshall,Female,bfitzpatrick@example.org,293-980-4085x45268,2021-08-24,Sport and exercise psychologist,2022-01-01 01:00
86,D8f058067ae1Db0,Debra,Butler,Male,cody19@example.net,8614496462,1939-05-04,Quality manager,2022-01-01 01:00
87,DBb632F96fe8808,Brett,Andrews,Female,colin96@example.com,001-179-935-4471,1989-04-02,Mudlogger,2022-01-01 01:00
88,252A9Ed1FAEa5cB,Kaylee,Curry,Female,wyatt67@example.com,+1-272-353-7844x19191,1994-04-28,Dispensing optician,2022-01-01 01:00
89,f63c09A7bD5c8aC,Yvonne,Campbell,Female,bridgesluis@example.org,+1-890-640-8924x48554,1924-05-28,"Designer, textile",2022-01-01 01:00
90,fEB0D6D6913E4c1,Kelli,Blevins,Male,bowmandamon@example.net,112.863.9718,1914-06-05,Adult nurse,2022-01-01 01:00
91,7A3A9eb15ca6bdF,Joshua,Fuller,Male,edwardchaney@example.net,772.360.5811x90984,1992-12-27,"Therapist, art",2022-01-01 01:00
92,Ee949CfFddB9dd7,Linda,Stevens,Female,qmassey@example.org,(513)582-2487x6763,1916-11-16,Pensions consultant,2022-01-01 01:00
93,1c1e77C0245D08f,Colleen,Curry,Female,cheyennecarlson@example.org,248-859-7733x4505,1921-12-04,Patent examiner,2022-01-01 01:00
94,C05487Eb980E326,Madeline,Knapp,Female,taragrimes@example.com,(874)826-8740x964,1951-08-13,"Engineer, structural",2022-01-01 01:00
95,D3d9e24AE5348f2,Gloria,Massey,Male,jeremyknapp@example.com,+1-012-544-4278x81732,1992-03-09,Television floor manager,2022-01-01 01:00
96,1ee69E0af80952E,Darryl,Matthews,Male,heatherhill@example.org,+1-887-167-8723x572,1947-08-01,Structural engineer,2022-01-01 01:00
97,FEcb99cd0fC7C9F,Bailey,Henson,Male,curtis77@example.net,623.730.5994x6569,2002-09-22,Agricultural consultant,2022-01-01 01:00
98,0d250FCAEd40DF4,Vernon,Griffin,Female,wanda60@example.com,(527)997-4770x043,1917-02-28,Geophysical data processor,2022-01-01 01:00
99,A4be9a0bF7F22cc,Kirsten,Bernard,Male,makaylahendricks@example.com,228-010-2979x04660,1921-12-31,Geophysicist/field seismologist,2022-01-01 01:00
100,aeBE6cFDBde29BB,Crystal,Macdonald,Female,andresexton@example.com,870.431.2538x959,1958-06-21,"Education officer, environmental",2022-01-01 01:00
101,AAcb0A4ecBa458A,Philip,Newton,Male,rita55@example.net,+1-298-643-3018x6364,1954-01-10,Child psychotherapist,2022-01-01 01:00
102,c33Aac5C0ae6C93,Joshua,Espinoza,Male,tstanley@example.net,+1-282-706-1961x054,1936-02-21,Mining engineer,2022-01-01 01:00
103,c65ad697cDE3ccd,Teresa,Carlson,Female,mjarvis@example.org,+1-730-690-1304,2004-04-05,"Engineer, manufacturing",2022-01-01 01:00
104,8fD7c054a9aCE38,Sylvia,Murray,Male,howard51@example.com,047-872-7068,1973-10-16,Dietitian,2022-01-01 01:00
105,51fd0e605A9b35a,Rick,Bailey,Female,lydia94@example.com,001-822-025-2666x1059,2011-12-06,Production manager,2022-01-01 01:00
106,AdBaedbe0aE3ffF,Patricia,Ali,Female,uarmstrong@example.net,848-481-5962x1655,2003-04-16,Building services engineer,2022-01-01 01:00
107,4eCb3D9dff2d2CA,Tony,Avila,Female,gordon79@example.org,828.719.2318x6645,1968-06-29,Research scientist (maths),2022-01-01 01:00
108,82cb1F12b10b07d,Carly,House,Male,hollowayshelby@example.net,542.768.6077x256,1987-07-11,"Geologist, wellsite",2022-01-01 01:00
109,C5513e50A40CACB,Sandra,Schmidt,Male,paige43@example.net,832-758-4359,2007-11-29,Museum/gallery conservator,2022-01-01 01:00
110,16FAac15aCE59da,Jeff,Khan,Male,sheri16@example.org,425.248.7490,2001-03-24,Architect,2022-01-01 01:00
111,8D798796fEb611a,Pedro,Mcguire,Female,zamoratabitha@example.net,032-704-9826,1971-07-01,Community pharmacist,2022-01-01 01:00
112,18B5Ddb6FeD922f,Max,Martin,Male,carolmonroe@example.org,428.875.5280,1975-05-11,Purchasing manager,2022-01-01 01:00
113,EeA203D3c5ea715,Glenn,Kerr,Male,daniel01@example.org,+1-120-053-2339,1965-08-03,"Nurse, children's",2022-01-01 01:00
114,a607D4D0a43510a,Diane,Mcfarland,Male,jdrake@example.net,001-525-183-8372,2006-04-01,Haematologist,2022-01-01 01:00
115,feeb347d6d2a46C,Natasha,Brock,Female,bernardglass@example.com,001-773-564-1820x01301,1922-10-25,Product manager,2022-01-01 01:00
116,72b4c2F1d0D1F9E,Marcus,Fernandez,Male,victoriapratt@example.com,(848)702-8571x244,1967-11-27,Community arts worker,2022-01-01 01:00
117,aD176BC50bcb3FF,Bill,Sutton,Male,ebony23@example.org,(027)805-1899x20059,2020-01-01,"Chemist, analytical",2022-01-01 01:00
118,ddCb95F0fAefBAb,Allen,Novak,Male,swansonconnor@example.com,(522)811-7331x35249,1915-05-14,Armed forces training and education officer,2022-01-01 01:00
119,602a3dd04cA9c55,Betty,Sheppard,Male,tiffany99@example.net,458-354-0169x9385,1982-07-05,"Engineer, production",2022-01-01 01:00
120,aaa93D4b64DF2E1,Sara,Ballard,Female,marisa54@example.net,001-599-262-9933x484,1912-10-14,Broadcast engineer,2022-01-01 01:00
121,FEABf7eaC5E9D6E,Seth,Jarvis,Male,yproctor@example.org,744.924.9974x81022,1951-03-16,Barrister's clerk,2022-01-01 01:00
122,3e4B5CDb9Eb6Fac,Caleb,Brandt,Male,richardlogan@example.net,916-697-5718,1995-05-01,Network engineer,2022-01-01 01:00
123,A1ACb5b58BEcdb6,Yvonne,Herring,Female,hcain@example.com,(792)455-2650,1972-03-03,"Doctor, hospital",2022-01-01 01:00
124,BCfcdeEAa29aeb9,Caleb,Good,Male,khamilton@example.com,+1-529-883-9339,1938-01-27,"Administrator, charities/voluntary organisations",2022-01-01 01:00
125,EDd2c149F5eba8A,Christopher,Todd,Female,chencatherine@example.org,123.564.0144,2009-07-07,"Pilot, airline",2022-01-01 01:00
126,BACAa6b1111fB4A,Neil,Finley,Male,carneyjill@example.org,001-502-502-0605,1908-03-09,Cabin crew,2022-01-01 01:00
127,bfED36Ce9BF3F3a,Christina,Murillo,Female,mmckinney@example.org,392-245-4262x0903,1999-11-07,"Conservator, furniture",2022-01-01 01:00
128,B80caa0ea3F5db1,Kathy,Kemp,Male,tanyashaw@example.net,810.254.0782x14958,1975-07-01,Information officer,2022-01-01 01:00
129,4FbFCBCAe899AEF,Darryl,Hudson,Male,yoderjohnny@example.com,(324)228-7613x4150,1986-04-01,Office manager,2022-01-01 01:00
130,41079bd61Edb7ED,Brooke,Zimmerman,Male,collingrimes@example.org,0396097746,1921-04-22,Film/video editor,2022-01-01 01:00
131,54E17FA7fd44979,Sheryl,Nixon,Male,javierlandry@example.net,+1-180-709-7884x05692,1911-05-22,Publishing rights manager,2022-01-01 01:00
132,f6DefAfAbbafd7E,Marcia,Anderson,Female,kpaul@example.net,001-206-605-6821x5268,1945-04-12,"Civil engineer, consulting",2022-01-01 01:00
133,CBE88dC35498bc0,Briana,Barrera,Female,cantuvirginia@example.net,+1-680-304-3924x54533,1972-12-20,Media planner,2022-01-01 01:00
134,2c6B3Ac1b4a179C,Mikayla,Meadows,Male,helen50@example.net,001-230-843-4790x0129,2005-05-11,Technical brewer,2022-01-01 01:00
135,f1A9b73436Ee84D,Marcus,Nolan,Female,chad65@example.org,+1-189-303-4068x3312,1994-01-04,"Therapist, art",2022-01-01 01:00
136,D7f18715f9BaA9b,Jeanne,Stanley,Male,dannycooke@example.net,(834)056-2485,1982-07-07,Site engineer,2022-01-01 01:00
137,1D58Ba821e5a14f,Adam,Wong,Female,mcculloughshirley@example.com,+1-774-704-4981x846,1972-11-04,Manufacturing engineer,2022-01-01 01:00
138,a54BF8FB32E552d,Paula,Bridges,Male,kirsten09@example.org,+1-551-628-5539,1929-04-27,Environmental consultant,2022-01-01 01:00
139,4758123cdC336eb,Kirk,Chang,Male,darrellmoore@example.com,(945)695-0184x0025,1970-08-24,Environmental consultant,2022-01-01 01:00
140,Ee68A40a04Ae085,Yvette,Hodge,Male,lloydluke@example.org,(623)405-4310,1978-11-16,Sales executive,2022-01-01 01:00
141,EEbDe1c603CBEF2,Destiny,Yates,Male,jlowery@example.org,(918)351-5579,1933-12-22,Horticultural therapist,2022-01-01 01:00
142,4ebC13Bb2FE4b9e,Kylie,Benjamin,Male,kellie20@example.net,001-534-796-6880x60825,1954-08-31,"Engineer, structural",2022-01-01 01:00
143,30bE8e0Fa957B53,Raymond,Mcgrath,Male,alicia06@example.com,+1-162-810-7883x031,1912-12-12,Equities trader,2022-01-01 01:00
144,FEeAF4F7a309AfA,Christina,Bird,Female,xmcgee@example.com,684-176-4483,1920-07-02,"Chemist, analytical",2022-01-01 01:00
145,6fDd06Db594C5ee,Albert,Matthews,Female,gilbert08@example.net,5332437100,1924-12-19,Web designer,2022-01-01 01:00
146,B3D4721fE6bd17C,Ricky,Carter,Female,spencerwyatt@example.org,266.325.2072,1930-01-24,Chief Financial Officer,2022-01-01 01:00
147,BfAAD8FACFcC6eA,Kristina,Kelley,Male,juanlowery@example.net,001-612-398-3797x87582,1966-02-08,Mechanical engineer,2022-01-01 01:00
148,bCBAbaCdd6206f1,Daniel,Gibbs,Male,moranadrian@example.org,001-360-111-5805x46392,1950-12-07,Surgeon,2022-01-01 01:00
149,89DB4C7D2BFE5aB,Ruben,Robertson,Male,bridgestricia@example.com,(034)561-8622,1984-08-31,Research scientist (maths),2022-01-01 01:00
150,Bfe9BfafcE6A4e4,Roy,Crosby,Male,samueldouglas@example.com,(926)900-3414x2842,1937-04-02,Games developer,2022-01-01 01:00
151,6ADCAA35CD1D7dA,Justin,Hess,Male,tamiwilkinson@example.net,+1-381-090-7783,1934-06-20,Cytogeneticist,2022-01-01 01:00
152,9E33BdCa65d10F5,Jackson,Peters,Female,owenswillie@example.com,5360798102,1955-06-14,Newspaper journalist,2022-01-01 01:00
153,C941e371D2CcF6d,Tom,Zamora,Male,bdougherty@example.com,001-356-718-1157x0307,1925-07-12,Contractor,2022-01-01 01:00
154,bc0a25e85E2e906,Robin,Shaffer,Male,newtonmelody@example.com,+1-496-626-4136x935,1930-07-27,"Embryologist, clinical",2022-01-01 01:00
155,84BD25Ba19736e0,Chelsea,Dunn,Male,ostanton@example.net,(236)671-7507x7120,2020-12-07,"Presenter, broadcasting",2022-01-01 01:00
156,091DC8E8f72e0dF,Rose,Andrews,Female,emmaproctor@example.com,+1-220-761-0665,1916-02-26,"Administrator, education",2022-01-01 01:00
157,97B25aB3bcbA1f3,Calvin,Harding,Male,brooke94@example.com,304.182.9496,1940-02-08,Best boy,2022-01-01 01:00
158,D43Bd1F4ad8cDC0,Stacey,Daniel,Male,lozanomarcia@example.com,167.587.2413x619,1973-11-03,Animal nutritionist,2022-01-01 01:00
159,38e7b7CDdD4D8eF,Michael,Richmond,Female,finleyrobin@example.net,+1-755-045-8289x05085,1918-10-17,Air cabin crew,2022-01-01 01:00
160,44FFeb37ab92bC3,Gabriella,Benjamin,Male,pshaffer@example.org,+1-723-236-7355,1988-02-11,Personnel officer,2022-01-01 01:00
161,312008CdFB66Cb4,Timothy,Montoya,Male,nwillis@example.net,104.252.6991,1924-03-20,"Teacher, primary school",2022-01-01 01:00
162,22d3B37a7bB4508,Elijah,Woodward,Female,schaeferwalter@example.org,1832547256,2016-06-04,Politician's assistant,2022-01-01 01:00
163,C8C70FcbAfd02e5,Cristina,Duffy,Female,harrisonsharon@example.net,(227)350-5879x24485,1919-05-09,Glass blower/designer,2022-01-01 01:00
164,f2bb46DC052aAEB,Cassidy,Austin,Female,lacey52@example.com,375.337.5232x29955,1947-05-21,"Surveyor, rural practice",2022-01-01 01:00
165,8C2DBa3A6B4bc11,Laura,Ross,Male,ferrelldevon@example.com,+1-538-504-1601,1930-06-05,Intelligence analyst,2022-01-01 01:00
166,e54Ba4e23E3E6E2,Aimee,Navarro,Male,darius44@example.org,670.215.7556x6657,1913-01-19,"Programmer, applications",2022-01-01 01:00
167,B89B06D119Dbb55,Leroy,Pollard,Female,mmahoney@example.net,575.215.5987,1980-01-10,"Geologist, wellsite",2022-01-01 01:00
168,9a17aBA09BD18F5,Roberta,Wilkins,Male,adam74@example.net,8068393119,1953-12-03,Call centre manager,2022-01-01 01:00
169,E1fb1E2A2d17D8A,Tim,Morgan,Female,millerjavier@example.org,+1-829-092-3168,1923-11-25,Brewing technologist,2022-01-01 01:00
170,D2eAdB022Ff8ee2,Melinda,Stuart,Female,vmckenzie@example.net,001-278-134-5315x446,1984-01-21,"Accountant, chartered certified",2022-01-01 01:00
171,6bd98abBEbc73dc,Cristina,Miles,Female,yballard@example.com,+1-881-763-6694x99027,1919-11-03,Meteorologist,2022-01-01 01:00
172,4C7Db27A2dF5eB5,Elijah,Tanner,Female,dnixon@example.org,529-402-4512x660,1907-05-31,Mudlogger,2022-01-01 01:00
173,4CB1Ec1EC86EAB2,Brittany,Torres,Male,gcastillo@example.com,729-747-9252x756,1976-10-28,"Development worker, international aid",2022-01-01 01:00
174,953C5E90ABc7E11,Sophia,Roy,Female,molly24@example.com,(204)674-1895,1941-03-02,Restaurant manager,2022-01-01 01:00
175,0f615ab60b1e20c,Kim,Mahoney,Male,huffmanbrett@example.net,+1-142-382-3204x0892,1963-07-02,Personal assistant,2022-01-01 01:00
176,4718abED84D2310,Karen,Hatfield,Female,patrickbrad@example.org,001-103-498-7681x913,1990-12-31,Corporate investment banker,2022-01-01 01:00
177,F4EbAcc4FF34e76,Chad,Chase,Female,patrick69@example.org,(310)977-1827x956,2005-03-26,Gaffer,2022-01-01 01:00
178,42783f12F713E2D,Angela,Crosby,Male,hendrixnicole@example.com,5989498217,1969-09-30,Sales promotion account executive,2022-01-01 01:00
179,bAD47B0bFb062c1,Tristan,Moore,Male,tanya20@example.org,(415)561-9675x4416,1930-01-22,Video editor,2022-01-01 01:00
180,bdbD6995c85fd53,Rodney,Vang,Male,mcintoshjoanna@example.com,001-281-951-5083x668,1960-06-26,Environmental health practitioner,2022-01-01 01:00
181,76D8abdAF6865C6,Melody,Stuart,Male,raven20@example.com,674-704-8212,1944-11-28,Architect,2022-01-01 01:00
182,caE752bf0d63ceE,Dillon,Grant,Female,edward80@example.com,6903244171,1966-05-12,Financial controller,2022-01-01 01:00
183,bcAFa3bE1fDa7da,Anne,Clements,Female,littlekathryn@example.org,844-275-7032,1958-11-15,"Solicitor, Scotland",2022-01-01 01:00
184,FaC9243bfCe09F2,Bridget,Kaiser,Female,juliamalone@example.org,620-177-5060x3484,1979-01-03,"Therapist, music",2022-01-01 01:00
185,81b00f0607Decec,Darius,Mora,Male,waynegoodwin@example.net,+1-721-637-0973x11650,1998-09-16,Dentist,2022-01-01 01:00
186,AD3EFda390A3BE9,Darrell,Sims,Female,melody87@example.com,635-827-8963x00371,1943-11-24,Community arts worker,2022-01-01 01:00
187,bb5F8e1D4a23C2E,Katrina,Bowen,Female,bsimpson@example.net,001-138-130-0870x3388,1981-03-08,"Optician, dispensing",2022-01-01 01:00
188,A0c1bB0Ebb874DC,Tom,Villegas,Female,hayley94@example.net,(507)001-6958,1909-08-03,Environmental consultant,2022-01-01 01:00
189,CBe959f4B5ead8b,Barbara,Skinner,Male,ritalutz@example.org,+1-286-987-9708x0241,1933-03-30,"Chemist, analytical",2022-01-01 01:00
190,c4D6fE8aF76B3Ff,Isabel,Stein,Male,olsenamy@example.org,303-086-8358x375,1982-01-07,Geographical information systems officer,2022-01-01 01:00
191,C01374B57028416,Charles,Hahn,Female,krystal40@example.com,(736)222-1658,1951-08-29,Theatre manager,2022-01-01 01:00
192,45Ff44171cFc960,Elizabeth,Hammond,Female,xblanchard@example.com,674.081.6519x587,1909-07-25,"Engineer, civil (contracting)",2022-01-01 01:00
193,26cd9d6F1Fb0D7a,Tara,Carter,Male,skinnerfranklin@example.net,794-852-3199x09047,1974-05-27,Equality and diversity officer,2022-01-01 01:00
194,Acdb7DC6b93e9Ab,Jackie,Jones,Male,franksingh@example.net,7217564203,2008-09-12,"Conservator, museum/gallery",2022-01-01 01:00
195,2e09B6983b6F1f9,Karl,Owen,Male,ernestburke@example.org,001-648-432-1568x6708,1912-05-24,Clothing/textile technologist,2022-01-01 01:00
196,0Ac9dD56BFDFe81,Maria,Blackwell,Female,jason11@example.com,001-878-946-6208x918,1992-12-31,Operational researcher,2022-01-01 01:00
197,1aCb7e9a57aacd8,Desiree,Brady,Female,mcmahoncourtney@example.org,(826)782-4021,2019-10-23,Actor,2022-01-01 01:00
198,b2FDdFf0C4847EF,Tanner,Maxwell,Male,mpope@example.org,573.235.0618x51242,2008-07-23,IT consultant,2022-01-01 01:00
199,9ed58CbCDc3a3DA,Cristian,Lowe,Female,darlenewatkins@example.org,001-100-115-9801x24517,1912-05-04,Careers adviser,2022-01-01 01:00
200,10Bc5164CFDb6ab,Latasha,Sawyer,Male,gooddanielle@example.net,642.403.8353,2009-11-21,Warehouse manager,2022-01-01 01:00
201,e6FC8C93Ef0Ea5a,Gavin,Barron,Male,lindsay14@example.com,001-152-436-5925x98681,1938-07-28,Paediatric nurse,2022-01-01 01:00
202,b9d6DDEFCdBf0EE,William,Kirk,Female,brittney16@example.org,033-341-2164,1914-04-02,Speech and language therapist,2022-01-01 01:00
203,CbE0ED0CBdcFcBA,Alejandra,Cline,Female,hollowaydestiny@example.org,074-465-7034,1960-02-10,"Programmer, systems",2022-01-01 01:00
204,cAAD40AAA829285,Karina,Conrad,Male,caroline19@example.com,108.326.6249x0096,1936-11-16,Arts administrator,2022-01-01 01:00
205,b15fBB6FB0e06bF,Brent,Wood,Female,alexandria98@example.com,001-875-704-1514x62124,2006-04-28,Applications developer,2022-01-01 01:00
206,6EBf6d1e6cf6Da4,Julie,Harper,Male,ubranch@example.net,001-537-384-8370x314,2001-01-29,Professor Emeritus,2022-01-01 01:00
207,Dc22C2B9c7baAc9,Karl,Mclaughlin,Male,shawcatherine@example.com,+1-717-953-5162x00574,2013-02-20,Event organiser,2022-01-01 01:00
208,ebE697A5C8af3cD,Stacie,Morrison,Female,vickinoble@example.net,438-170-4159x41646,1983-08-23,Physiotherapist,2022-01-01 01:00
209,Adf62AeB2fE11a1,Mason,Conrad,Female,morganarthur@example.net,360-859-6978x3332,2003-06-25,"Scientist, biomedical",2022-01-01 01:00
210,2F74D0b2CfC5929,Emily,Dodson,Male,lindaharrington@example.com,(878)550-4704x8737,1994-06-24,"Merchandiser, retail",2022-01-01 01:00
211,ecEf66E8D709D91,Monique,Ho,Female,nunezherbert@example.net,605-431-2807x1478,2003-05-17,Production manager,2022-01-01 01:00
212,E7EAe2f3bf2FBB8,Eduardo,Chase,Female,oharvey@example.com,394.466.1227,2021-04-14,Tax inspector,2022-01-01 01:00
213,43F869cCdd2BFeC,Joy,Berg,Male,elizabeth06@example.com,(936)527-1742x004,1988-01-14,"Education officer, environmental",2022-01-01 01:00
214,01DEF91e47acAFf,Vernon,Finley,Male,ogay@example.net,(364)526-1139,2000-04-03,Hospital doctor,2022-01-01 01:00
215,2fF018fbFcd41eB,Peter,Acevedo,Female,bob40@example.com,001-250-487-8473x96181,1983-03-04,Cartographer,2022-01-01 01:00
216,CefFE7Bf69d0E86,Vanessa,Cisneros,Male,medinadiana@example.net,570.044.8413x206,1984-02-12,Astronomer,2022-01-01 01:00
217,2Befcee29FFF2B9,Jamie,Mcdonald,Male,baileybartlett@example.com,001-764-613-5903x02211,1979-01-11,Facilities manager,2022-01-01 01:00
218,AfEBB5A2F4b6A0E,Evelyn,Buchanan,Female,doughertycraig@example.org,(939)961-4426,2005-10-14,"Engineer, technical sales",2022-01-01 01:00
219,5FDDbA5eC18c93c,Sandy,Cunningham,Male,nmcknight@example.com,3829557781,1909-10-24,Geoscientist,2022-01-01 01:00
220,CAa925017b490dE,Nicholas,Mckee,Male,sheilaboyer@example.com,(442)084-7673,1946-10-17,Animal technologist,2022-01-01 01:00
221,cFe6A2DC4920bfA,Colleen,Kramer,Female,gabriellevillarreal@example.com,0091563550,1931-11-02,Secondary school teacher,2022-01-01 01:00
222,C96E2d6e4AA9eD8,Veronica,Cordova,Male,jonathongarcia@example.org,001-712-658-9678x7094,1997-01-06,Lobbyist,2022-01-01 01:00
223,bF58956E2FAFb85,Andres,Cabrera,Female,dandecker@example.net,516-461-3900,2006-01-23,Maintenance engineer,2022-01-01 01:00
224,BdC443DEE87E1fe,Gregg,Alexander,Female,ananash@example.net,+1-929-012-1137x89305,2013-12-30,Clinical molecular geneticist,2022-01-01 01:00
225,1aDef8392f75DfB,Jeanette,Kennedy,Male,yangapril@example.org,688-785-0532x12664,1959-09-30,Associate Professor,2022-01-01 01:00
226,732E666F5FEB2cA,Lindsay,Barker,Female,rickeyflores@example.com,625-537-1054x0852,1963-03-23,Counsellor,2022-01-01 01:00
227,fff3FE7Ec457c1f,Alvin,Villa,Male,griffinlindsay@example.com,489-713-7838x3526,1956-05-18,Clothing/textile technologist,2022-01-01 01:00
228,1aabC297bCdD7cC,Kaitlin,Wong,Female,brittneylivingston@example.org,+1-620-447-3913x356,1955-09-03,Secretary/administrator,2022-01-01 01:00
229,efeCBed2D47a33d,Jill,Olsen,Male,masonjames@example.com,001-324-569-7555x65486,1992-09-16,Product manager,2022-01-01 01:00
230,fFB9E5BA2c78cfd,Darius,Marks,Female,wyattdodson@example.com,098.062.5222x035,1908-03-22,"Production assistant, radio",2022-01-01 01:00
231,c0BAC5D38F2F842,Roberta,Abbott,Male,rita06@example.org,+1-628-542-2816x67989,2018-01-01,"Research officer, political party",2022-01-01 01:00
232,77daBf7BdEdE3BA,Sheri,Boyle,Male,dgonzales@example.org,635-445-0921,1985-06-15,Commercial horticulturist,2022-01-01 01:00
233,cD9855766Fe89ee,Amber,Olsen,Female,rebekahlang@example.com,106.656.0813x7138,1943-09-12,Communications engineer,2022-01-01 01:00
234,E3d8a8cD9987173,Autumn,Navarro,Female,crosscalvin@example.net,(945)513-7026,1931-01-17,"Administrator, sports",2022-01-01 01:00
235,2EA00Be04862AcE,Joy,Sullivan,Female,pamelarangel@example.net,001-311-238-5016x94494,2012-01-16,Energy manager,2022-01-01 01:00
236,7C6B68a9E7cbf81,Kristina,Torres,Female,isaiah55@example.com,+1-139-742-6104x371,1961-04-24,Sub,2022-01-01 01:00
237,f9f5bc943ABEE0C,Earl,Mckay,Female,keithbass@example.net,(410)330-7692,1997-11-02,Speech and language therapist,2022-01-01 01:00
238,9ebaaDCD12dcAc8,Cassidy,Ritter,Female,wstewart@example.com,001-383-140-8946x800,1924-07-09,"Producer, radio",2022-01-01 01:00
239,dFbd4801aC9ac5d,Reginald,Cooke,Female,williamsonjimmy@example.net,001-714-774-4474,2013-03-03,Architect,2022-01-01 01:00
240,73B1dAffaaAf637,Matthew,Bates,Male,angie08@example.org,001-186-072-4602x917,1944-03-16,Camera operator,2022-01-01 01:00
241,caeC5ceC6Ebb3a9,Dave,Mora,Male,cbrooks@example.com,(389)095-5642x4274,1971-07-04,"Therapist, nutritional",2022-01-01 01:00
242,108b14ca6fdeAcE,Jose,Mccarthy,Male,meghanvalenzuela@example.org,720-207-2929,1984-11-08,Diplomatic Services operational officer,2022-01-01 01:00
243,A7CE1BEEc2Ddfd0,Harold,Reilly,Female,sheilawilliams@example.org,(829)620-0630x726,1970-10-16,Architect,2022-01-01 01:00
244,B0B8cB5C6C14Ae5,Raven,Rangel,Male,gcamacho@example.org,(727)746-6036,1954-11-23,Forensic psychologist,2022-01-01 01:00
245,C077C4dBaC06FD0,Dustin,Cain,Male,mikebarr@example.net,+1-918-122-3457x343,1915-11-25,Retail buyer,2022-01-01 01:00
246,CDF1BfA1203FCAD,Rebecca,Mayo,Male,nthornton@example.com,1902903899,1935-02-02,Electronics engineer,2022-01-01 01:00
247,902CDf125EACbf8,Albert,Mcmillan,Female,ywiley@example.org,+1-223-900-8864x1034,1958-11-14,Facilities manager,2022-01-01 01:00
248,42f96cfa350BACb,Michele,Stephens,Male,pfoley@example.org,001-218-530-1650x47288,1990-10-26,"Engineer, agricultural",2022-01-01 01:00
249,52EbB9838443c47,Glen,Bauer,Male,leslie34@example.com,968-111-9579x733,1990-09-24,Advertising art director,2022-01-01 01:00
250,0dBcA013BE5049b,Kimberly,Boyd,Male,rerickson@example.com,(076)442-1217x772,1954-03-26,"Engineer, electrical",2022-01-01 01:00
251,fB3Ff0F118fD5c2,Henry,Hunt,Female,karinabruce@example.net,814-043-4600x810,1981-08-07,Chartered certified accountant,2022-01-01 01:00
252,AaCa0BD321dBD31,Hunter,Randolph,Male,priscilla42@example.org,944.985.2864,1989-07-11,Land,2022-01-01 01:00
253,E05C732aC7c3D98,Steven,Farmer,Female,phyllis93@example.com,+1-878-802-1447x5763,1942-10-20,Speech and language therapist,2022-01-01 01:00
254,Df7ed676eAAAa60,Cesar,Zavala,Female,lawrence50@example.com,6982823710,1908-09-14,"Copywriter, advertising",2022-01-01 01:00
255,C1A5aBFCF71B736,Shelley,Mcdonald,Female,vicki80@example.com,689.989.3259x4403,1988-02-05,"Engineer, maintenance",2022-01-01 01:00
256,4c839B3cbdE19c0,Darrell,Molina,Male,moniquecantu@example.org,763.222.1179,1924-06-20,Early years teacher,2022-01-01 01:00
257,4ED3EEcdc73e5dd,Daniel,Morton,Female,kingann@example.net,065.495.2299,1991-08-25,Archivist,2022-01-01 01:00
258,55fcc1B59e300ea,Dominic,Romero,Female,francishoward@example.net,(466)944-7902x11010,1996-03-07,Leisure centre manager,2022-01-01 01:00
259,94D96c9d5A86B24,Jenna,Gonzalez,Male,rose94@example.net,2687346201,1918-05-19,Customer service manager,2022-01-01 01:00
260,d1Bb3b477de5A64,Sheena,Gonzales,Female,xmaddox@example.net,001-016-521-8604x001,1907-12-25,Chief Strategy Officer,2022-01-01 01:00
261,521b23d4BF80202,Victor,Forbes,Female,lindavaughan@example.com,390.158.9901x27802,1943-07-07,Community education officer,2022-01-01 01:00
262,81bBF19B8d505Ac,Sherri,Lam,Male,calvin71@example.com,546-029-3278x3249,1935-12-01,"Designer, graphic",2022-01-01 01:00
263,1b93afD0F9f61dd,Oscar,Weaver,Female,cameronhoover@example.net,(086)490-1452x00804,1940-06-08,Clinical cytogeneticist,2022-01-01 01:00
264,F8d3fAD4BAD8cDf,Justin,Haley,Female,qstewart@example.com,127-585-1360,1943-11-17,Community development worker,2022-01-01 01:00
265,5Ea9248BAF00c43,Tamara,Cannon,Male,amclaughlin@example.org,(400)612-6902x656,1909-06-30,"Designer, jewellery",2022-01-01 01:00
266,8eCdc0ddBC7Ba9C,April,Goodwin,Male,ydavid@example.org,186.373.4204,1983-11-27,Manufacturing systems engineer,2022-01-01 01:00
267,75eb14963C5fC8d,Annette,Johnston,Male,qvelez@example.com,241-362-7096x468,1938-11-24,Planning and development surveyor,2022-01-01 01:00
268,faFdd02b4f3B984,Yesenia,Yoder,Female,wrightpaige@example.net,079-829-8563,1924-11-03,Accounting technician,2022-01-01 01:00
269,DeAf441DC8b929D,Kara,Walter,Female,teresacarroll@example.com,+1-065-361-2669x8192,1991-07-20,"Scientist, marine",2022-01-01 01:00
270,3336F271f9CC2A5,Darren,Rangel,Male,calderonzachary@example.net,+1-441-069-4997x310,1934-10-16,"Accountant, chartered public finance",2022-01-01 01:00
271,8EC20bCE60Dcfb9,Diamond,Pitts,Female,donald71@example.net,001-726-479-0926,1935-01-13,Community development worker,2022-01-01 01:00
272,BeB64B11eF7cf8C,Alyssa,Whitney,Female,walter36@example.net,644-768-3150x2665,2012-01-04,Solicitor,2022-01-01 01:00
273,ea356a8d65378Bd,Sylvia,Small,Female,cordovavernon@example.com,+1-076-853-0009,1949-12-01,"Therapist, speech and language",2022-01-01 01:00
274,Ec97aB9AFBFD505,Glenn,Hudson,Female,angelawinters@example.org,001-658-265-1822x103,2008-07-04,Environmental consultant,2022-01-01 01:00
275,a3E6aDFa5bFdbCd,Tom,Beck,Male,mike97@example.net,387.042.4741,1974-10-28,Occupational psychologist,2022-01-01 01:00
276,b531ebe11dAB3F9,Antonio,Glenn,Male,holtcolton@example.com,768-529-5924,1920-02-07,Brewing technologist,2022-01-01 01:00
277,dA6bbf7c551c7F6,Emily,Mckay,Male,eddie03@example.org,(571)867-6868,1965-09-07,Further education lecturer,2022-01-01 01:00
278,3ef2c3eF978CBCa,Jocelyn,Gonzales,Female,loganpearson@example.net,001-183-466-7708x9680,2009-02-06,"Engineer, building services",2022-01-01 01:00
279,dF23E0add424d25,Ronald,Richard,Female,angelicaholmes@example.com,+1-432-741-7768x383,1937-05-03,Retail banker,2022-01-01 01:00
280,FB1a7B4DA5F18cB,Julian,Stein,Male,rgill@example.org,111.208.9030x239,1999-09-27,Best boy,2022-01-01 01:00
281,F77Ae6bBd91FDBD,Kelli,Colon,Female,blairjeffrey@example.com,620.053.3057x6834,1964-07-02,Medical sales representative,2022-01-01 01:00
282,0c82ef7E5cC8F3D,Colin,Burnett,Female,valeriechase@example.net,652-844-4193x07333,1914-11-02,Diplomatic Services operational officer,2022-01-01 01:00
283,e424f08dC805c2f,Sheryl,Mercer,Female,teresa01@example.org,(177)654-7885,1989-06-08,Recycling officer,2022-01-01 01:00
284,a8d2Bb0e7dfbB5B,Damon,Collier,Male,omann@example.net,5740008990,1942-03-24,Petroleum engineer,2022-01-01 01:00
285,b84f4a06bB9Eb1B,Michelle,Ferrell,Male,jenningsgarrett@example.net,+1-186-663-3553x250,1987-02-03,Legal secretary,2022-01-01 01:00
286,5cE9EfCCDa14404,Russell,Sanford,Female,qware@example.net,+1-882-424-7663x07634,1984-12-17,Film/video editor,2022-01-01 01:00
287,9A237E3FfB0cfe7,Kendra,Lambert,Female,qcummings@example.org,001-536-466-4071x4099,2015-10-27,Forest/woodland manager,2022-01-01 01:00
288,8cbEfA30DFccB54,Kerry,Nicholson,Female,combspatty@example.com,+1-163-015-6411x3867,1933-08-21,Consulting civil engineer,2022-01-01 01:00
289,D59ADEC6ad57FA6,Roger,Barker,Male,jaysloan@example.org,007.494.2330,1998-11-04,"Engineer, materials",2022-01-01 01:00
290,bBB0d1dd1e29ef5,Suzanne,Mccormick,Female,loganhamilton@example.net,001-655-883-3185,1983-09-18,"Accountant, chartered management",2022-01-01 01:00
291,ADFCa2cfF2BBEbd,Destiny,Cowan,Male,darryl59@example.org,+1-839-861-5012x73973,2000-06-14,Call centre manager,2022-01-01 01:00
292,84A2B20bA3eF45e,Jake,Ward,Female,johnstontraci@example.net,(790)811-1349x327,2008-06-29,Social worker,2022-01-01 01:00
293,BA74FBD08EA0Fef,Alexis,Blair,Male,philiplin@example.org,636.208.1745,2005-06-25,"Designer, television/film set",2022-01-01 01:00
294,3bc1BEcE40BBe91,Tyrone,Hopkins,Male,elijah66@example.com,1975089046,1916-05-17,Scientific laboratory technician,2022-01-01 01:00
295,99b5FEa4A850e12,Randall,Moss,Female,schavez@example.org,075-554-5662x015,1996-09-11,Television camera operator,2022-01-01 01:00
296,ec3bafa9AeEeaDA,Bailey,Keith,Female,dustin18@example.org,+1-575-799-4115x2097,1970-05-21,"Optician, dispensing",2022-01-01 01:00
297,Cc04cB7e6CFDAba,Brendan,Gomez,Male,brandy67@example.com,191-171-5094x506,2001-08-03,Health and safety inspector,2022-01-01 01:00
298,AF72BDE5e71Daf9,Darius,Lopez,Female,dawsonleroy@example.com,165.419.5344x114,1985-11-20,Film/video editor,2022-01-01 01:00
299,bdbeE7ab34f5aAd,Marisa,Pearson,Male,kaitlyn22@example.org,489-808-4969,1947-05-17,Clothing/textile technologist,2022-01-01 01:00
300,D156BbA1a9eF3fc,Nicolas,Zamora,Male,yfletcher@example.net,+1-229-887-1146x641,1990-11-02,Advertising account executive,2022-01-01 01:00
301,fA83837eFAc6e6e,Megan,Le,Male,mindy99@example.net,001-333-349-8391,1910-09-28,Chemical engineer,2022-01-01 01:00
302,b8F9aac62cAEf7F,Jeff,Collier,Female,josephcolton@example.com,652-114-4002x4368,1974-12-14,Neurosurgeon,2022-01-01 01:00
303,AcA824e48B17BcC,Clayton,Molina,Male,hadkins@example.org,001-019-976-8202x368,2017-05-05,Automotive engineer,2022-01-01 01:00
304,CA87e382208Fc9F,Kelly,Stuart,Female,hooperstuart@example.net,963.176.2911x05240,1929-11-08,"Programmer, systems",2022-01-01 01:00
305,B58d0a8ccB22Ded,Lee,Schwartz,Male,kanenorman@example.org,780.320.4035x0332,2009-04-28,"Administrator, local government",2022-01-01 01:00
306,5CA4dEc677F4797,Kimberly,Spencer,Male,hubercassie@example.org,001-748-210-7723,1968-06-01,Advertising account executive,2022-01-01 01:00
307,45f198382F77ef9,Gabriel,Potter,Male,tracy60@example.net,421-040-8615,1970-11-14,"Secretary, company",2022-01-01 01:00
308,f0dAD1a3De1ABaE,Dwayne,Mckay,Female,jadegreene@example.net,001-809-632-4351x60063,1987-05-04,Broadcast journalist,2022-01-01 01:00
309,EAa81a5f599f3bB,Adam,Ponce,Male,ucobb@example.org,812.247.6681,1995-08-20,Further education lecturer,2022-01-01 01:00
310,decFF16E7423339,Benjamin,Terrell,Male,wallandre@example.net,+1-737-387-5056,1948-06-02,Music tutor,2022-01-01 01:00
311,b79C141B4512F2c,Brett,Leon,Male,darias@example.com,001-062-806-9323x86516,1926-09-21,Educational psychologist,2022-01-01 01:00
312,6253CaF9BD28711,Morgan,Boyle,Female,dorothy98@example.org,286.687.1655x3250,2008-01-11,Counsellor,2022-01-01 01:00
313,bbD1E7d14D8FDEC,Charlene,Hull,Male,bowersjordan@example.net,1463843929,2015-05-14,Pension scheme manager,2022-01-01 01:00
314,edAeE16bE2dAbad,Herbert,Valencia,Female,sotogabrielle@example.org,+1-580-113-8173x63544,2021-05-03,Publishing copy,2022-01-01 01:00
315,59714282f8FBd8c,Michele,Benton,Female,samuel67@example.org,553-797-2929x77347,1964-10-03,Accounting technician,2022-01-01 01:00
316,0f26fd576a2E6a3,Carrie,Marshall,Male,adamjoseph@example.org,478.035.0890x47626,1924-02-10,Clinical psychologist,2022-01-01 01:00
317,14eCe9dcd90E8BA,Jordan,Ford,Male,qvincent@example.com,001-845-910-3803x64406,1929-07-03,Rural practice surveyor,2022-01-01 01:00
318,c05BEABA1bBa669,Cory,Lowe,Male,villanuevaanthony@example.net,(658)025-7168,1921-12-01,Warehouse manager,2022-01-01 01:00
319,b18F4b75E3FE71f,Courtney,Haas,Male,caitlinlong@example.net,197.899.7924,1959-01-27,Building control surveyor,2022-01-01 01:00
320,6484C9AbECe5bc8,Russell,Osborne,Female,angie22@example.org,029.898.7222,1959-03-11,"Engineer, drilling",2022-01-01 01:00
321,09cE31f6c9Cb083,Bailey,Armstrong,Female,dcarter@example.org,+1-472-922-7214,2018-01-02,Youth worker,2022-01-01 01:00
322,7a9E2FF0A9c1Ff4,Kathleen,Barrett,Male,pmelendez@example.org,001-708-829-5551x23126,1986-04-06,"Editor, commissioning",2022-01-01 01:00
323,C4D4fb9A0e4D2ac,Lindsay,Petersen,Female,edwin90@example.org,(759)844-7824x69995,1932-05-03,Statistician,2022-01-01 01:00
324,edC581B092e0D80,Nicholas,Dunlap,Female,jasminmckay@example.org,(696)678-7748x288,2019-12-07,Theatre manager,2022-01-01 01:00
325,BD61Df3d86abeAC,Charlene,Sims,Male,jakebuchanan@example.com,+1-653-718-0277x91662,2008-02-26,Speech and language therapist,2022-01-01 01:00
326,8Ee34C99FBd5bb9,Wayne,Walls,Male,arnoldmiguel@example.com,+1-627-854-3955x7293,1955-10-16,Musician,2022-01-01 01:00
327,Cf975aB74Ce2f4F,Jasmin,Marsh,Male,melvin88@example.com,568.311.2525x529,1954-06-08,Operational researcher,2022-01-01 01:00
328,ceeC4f39aDFcA6f,Brady,Rubio,Male,bergertamara@example.com,001-490-589-5990x207,1936-06-08,Copy,2022-01-01 01:00
329,AbBbF4bc8cF7721,Leslie,Gibbs,Female,cohenharold@example.net,349-813-5849x19244,1950-12-14,"Accountant, chartered management",2022-01-01 01:00
330,a48c5bAAa304c25,Makayla,Holden,Female,mbeltran@example.com,(610)237-6500x57842,1915-06-11,Company secretary,2022-01-01 01:00
331,Cab5924AfCcbEae,Charles,Brock,Male,rileybilly@example.net,149-023-9863,1934-03-23,Mechanical engineer,2022-01-01 01:00
332,A293034C2Af4E99,Kylie,Lucas,Female,beverlykelly@example.net,4929814907,1994-06-26,Mining engineer,2022-01-01 01:00
333,EbfF9d0536C786F,Robert,Benton,Male,jeffrey88@example.org,1248070384,1982-04-23,Horticultural therapist,2022-01-01 01:00
334,Bca98562D6EC5d2,Sylvia,Olson,Male,damon58@example.org,399.285.0431x2005,1940-10-01,Dramatherapist,2022-01-01 01:00
335,E69fD1Da5f51DdD,Adriana,Zamora,Female,olsonearl@example.org,328-942-3903,1975-06-13,Soil scientist,2022-01-01 01:00
336,2D3ebAa45e4196E,Gary,Fuentes,Female,howardmalik@example.org,516.066.8048,2009-07-25,Research scientist (life sciences),2022-01-01 01:00
337,Db6a4B8EbCB6e8C,Ariel,Larsen,Female,krausechad@example.net,4299493461,1929-09-05,Production engineer,2022-01-01 01:00
338,1f2EF91abA8162f,Morgan,Sparks,Male,clinton44@example.net,+1-637-374-6720x9487,2010-03-24,Careers adviser,2022-01-01 01:00
339,Fe1a5A6Ca2fB2bE,Phyllis,Bautista,Female,shawmarcus@example.com,8533307226,2003-06-30,Trade union research officer,2022-01-01 01:00
340,4F9C52f1f7ACF16,Lawrence,Day,Male,velezmindy@example.net,(403)870-6168x61769,2015-02-16,Civil Service fast streamer,2022-01-01 01:00
341,6F1F08BAbb8DdA1,Donna,Sellers,Male,walter94@example.net,001-284-102-1098x613,1940-02-15,Sub,2022-01-01 01:00
342,15eEBAfd45Dcf2A,Pamela,Case,Female,hubbardmaxwell@example.net,(843)176-8067,2001-12-09,Child psychotherapist,2022-01-01 01:00
343,8E6aCAc59Ba7Ff0,Stanley,Kelly,Male,boydlauren@example.com,+1-523-914-1109,1977-02-20,Public house manager,2022-01-01 01:00
344,BF9D903919ddE0E,Katelyn,Ayala,Male,levi83@example.net,587-715-6858x24335,1983-08-22,Operations geologist,2022-01-01 01:00
345,c99c6C8030273eD,Mindy,Brooks,Female,carlburton@example.net,554.965.9024x378,1981-11-12,Equality and diversity officer,2022-01-01 01:00
346,734e08fC6E11cc7,Jeremiah,Hughes,Female,vabbott@example.com,1462322878,1928-04-14,Personnel officer,2022-01-01 01:00
347,59E7dBC01de1Ebd,Ruth,Duffy,Female,hhumphrey@example.com,001-046-930-4871x860,1966-09-21,Building surveyor,2022-01-01 01:00
348,5393b26EBcC1cDf,Cheryl,Ryan,Male,suzanne22@example.com,+1-191-520-5974,1970-10-20,"Designer, multimedia",2022-01-01 01:00
349,aE01Fe18e772C24,Makayla,Knight,Male,bradorozco@example.net,086-138-0808x866,1984-10-20,Geophysicist/field seismologist,2022-01-01 01:00
350,e1b5419574FB9bD,Bridget,Gallegos,Female,kfarley@example.org,880.794.0946x518,1951-02-08,Education administrator,2022-01-01 01:00
351,54A5afc82dCCd50,Raymond,Benitez,Female,kaitlinbarr@example.org,3646011629,2004-11-08,Commissioning editor,2022-01-01 01:00
352,fA1f06eB809eb20,Beth,Wise,Male,warnold@example.org,+1-057-148-5426x1353,1984-11-09,Restaurant manager,2022-01-01 01:00
353,B0aD07eEFED9fCC,Dillon,Coleman,Male,nathaniel96@example.org,696.715.7114,1918-09-08,"Surveyor, quantity",2022-01-01 01:00
354,5A94Be762Fc2a81,Paige,Pratt,Male,ijones@example.net,+1-228-144-5957x6590,1936-04-03,Higher education lecturer,2022-01-01 01:00
355,CdCbEB7aF9DABbB,Alejandro,Conner,Male,troy44@example.org,371-095-4504,2001-11-11,Gaffer,2022-01-01 01:00
356,8C3a2ECB8e41efB,Kevin,Solis,Male,marc48@example.com,417-138-0232x12567,1909-08-18,Careers information officer,2022-01-01 01:00
357,EbC4eeC61E4015F,Samantha,Mcintyre,Female,dale31@example.com,(455)789-0039x3554,2016-08-14,Sports therapist,2022-01-01 01:00
358,dEeD085832c15d4,Craig,Beck,Male,michelle74@example.org,692-314-9808,1910-02-10,Regulatory affairs officer,2022-01-01 01:00
359,9b9d7f35ceCcede,Mitchell,Lee,Female,mcbridedawn@example.net,001-707-170-8716x8912,2005-01-18,Music therapist,2022-01-01 01:00
360,1B95FEbCb40decD,Lauren,Yu,Female,kduran@example.com,572-173-2867x340,1946-03-02,Food technologist,2022-01-01 01:00
361,EcEA14D7D3dD49e,Steven,Leach,Male,iklein@example.org,(093)627-7654,1949-09-18,Media planner,2022-01-01 01:00
362,16408b35363ba1D,Priscilla,Kaiser,Male,toni34@example.org,+1-518-666-7839x12782,1919-05-05,"Scientist, physiological",2022-01-01 01:00
363,1b7Bf61EEBc9c05,Roger,Villegas,Female,peckdiana@example.org,(218)986-2426,1999-04-15,Mental health nurse,2022-01-01 01:00
364,AcD18eD2D82FCA5,Dillon,Ibarra,Male,rryan@example.org,134-398-7152x9061,1969-12-22,Retail buyer,2022-01-01 01:00
365,dAa5ADA9bc6aDaE,Nicholas,Haney,Male,meaganbradley@example.net,(112)995-4465,1970-02-08,"Physicist, medical",2022-01-01 01:00
366,C1f7A3fC658f3fa,Damon,Chang,Female,kkemp@example.org,390-469-9269x95066,1943-01-25,Mental health nurse,2022-01-01 01:00
367,C00fDBfee7c1cbE,Shari,Jenkins,Male,ablack@example.org,456.947.7349x816,1958-03-27,"Psychotherapist, dance movement",2022-01-01 01:00
368,12bc3C2fe67bF65,Dale,Lloyd,Male,roberta02@example.com,+1-622-097-6081x9451,1973-09-16,"Doctor, hospital",2022-01-01 01:00
369,9271c3bC2573CdB,Ivan,Meyer,Male,ndickerson@example.com,+1-353-085-2017x82507,1979-09-07,"Editor, commissioning",2022-01-01 01:00
370,AFC2736Faa9B6D3,Samuel,Poole,Male,eugene77@example.org,9358965316,1984-07-14,"Psychologist, clinical",2022-01-01 01:00
371,a170CeBc6773e9E,Jose,James,Female,wwatson@example.com,001-297-221-6310,1985-08-07,"Administrator, sports",2022-01-01 01:00
372,28dCb04cfeEfAf0,Dominique,Crosby,Male,bernard70@example.org,222-862-7646x8351,1977-10-04,Geoscientist,2022-01-01 01:00
373,a3801afBc3e791c,Troy,Austin,Female,pruittrachael@example.net,+1-267-352-6399x65535,2018-09-09,Actor,2022-01-01 01:00
374,6C02Db3AB02A276,Karen,Richmond,Male,eolson@example.net,001-896-221-1019x60637,2000-10-26,"Designer, interior/spatial",2022-01-01 01:00
375,4C16ae2DfDFb6a8,Sheena,Callahan,Male,kurt53@example.com,001-269-480-4161x654,1955-10-17,"Education officer, community",2022-01-01 01:00
376,BBc44F2bfd55ad0,Isaac,Pennington,Female,ryanemma@example.com,+1-546-526-7826x01552,1944-01-14,Pension scheme manager,2022-01-01 01:00
377,72Fd26d965c61f8,Jacqueline,Chapman,Male,udennis@example.net,+1-475-025-2811,1958-02-03,Government social research officer,2022-01-01 01:00
378,cdF3f6EBCFda80e,Anna,Pineda,Male,fgalloway@example.org,825.167.5622x5973,1933-06-15,Multimedia programmer,2022-01-01 01:00
379,df63C6C8Ae057a9,Stacie,Steele,Female,sheath@example.com,(779)523-9307,1917-07-14,Chemical engineer,2022-01-01 01:00
380,12Da86eDC818cc8,Marcus,Walsh,Female,alutz@example.net,001-448-920-9064x7411,1941-03-15,Ceramics designer,2022-01-01 01:00
381,5eBFf57E798a92B,Sherri,Levine,Male,lanejaclyn@example.net,(049)536-6138,1927-05-28,Advertising copywriter,2022-01-01 01:00
382,2b6fA4D918c12D1,Lance,Ruiz,Female,jhuber@example.org,(583)250-7228x55860,2006-11-13,Phytotherapist,2022-01-01 01:00
383,32CA34801Da5071,Collin,Whitehead,Female,raymond04@example.net,+1-215-466-8211,1944-05-20,Fitness centre manager,2022-01-01 01:00
384,c3fBC9A06FeEFa7,Katherine,Nielsen,Female,prestonpatrick@example.net,863.950.1470x1358,1933-02-12,Microbiologist,2022-01-01 01:00
385,E8bE1721De7B04D,Evelyn,Hooper,Female,helen52@example.org,051-481-0950,1951-01-29,"Psychologist, occupational",2022-01-01 01:00
386,Aaa99eae4cF4b35,Kari,Willis,Male,christian98@example.com,8758663091,1934-05-11,Patent examiner,2022-01-01 01:00
387,e4Cc3ddAd52FABD,Patty,Salazar,Male,kkrause@example.org,+1-027-975-7243x45056,2020-04-30,Firefighter,2022-01-01 01:00
388,C488DAE0f5679bB,Jared,Mclean,Male,tamioliver@example.org,(336)535-9164,2003-11-11,Pensions consultant,2022-01-01 01:00
389,BbdB5D948a48Ba9,Alex,Holloway,Male,wwu@example.com,9160936620,1924-05-14,Government social research officer,2022-01-01 01:00
390,AAeDD2FFBdDB96e,Larry,Branch,Male,suzannearnold@example.net,016-254-2869x690,1961-04-13,Fitness centre manager,2022-01-01 01:00
391,59dc3bF2BE2ddBF,Jeremy,Prince,Male,xsingleton@example.org,(620)965-2844x471,1961-06-03,Police officer,2022-01-01 01:00
392,30771fb5a2bB768,Gordon,Braun,Female,duffyriley@example.com,+1-786-233-0663x72886,1953-04-19,Information systems manager,2022-01-01 01:00
393,9eb7EBeDaf4c35A,Maria,Austin,Female,steven54@example.com,(425)140-8709x691,2003-04-25,Warden/ranger,2022-01-01 01:00
394,595c252666ceb3f,Eddie,Nguyen,Female,byang@example.net,891.875.0009,1974-04-06,IT sales professional,2022-01-01 01:00
395,80BcC65134F92d6,Dwayne,Joyce,Male,rsantana@example.org,(461)799-8950x104,1991-05-12,"Civil engineer, consulting",2022-01-01 01:00
396,3351C1f3E765B5e,Kylie,Reyes,Female,pboyer@example.com,529-760-0770x00683,1956-09-29,Adult nurse,2022-01-01 01:00
397,c0aF5cfDb5aa38C,Sandra,Stephens,Male,thomassweeney@example.com,001-683-117-9161,2010-05-31,"Education officer, museum",2022-01-01 01:00
398,4cbb4c85d61cf19,Rickey,Stanton,Female,shane54@example.net,727-076-8394x5047,2013-08-17,Diagnostic radiographer,2022-01-01 01:00
399,8Fbe69F7Dd8E233,Rachael,Nielsen,Female,rruiz@example.org,(118)627-4108x06707,1908-01-09,Publishing rights manager,2022-01-01 01:00
400,e2Fb147f7aAB043,Cassandra,Reeves,Male,abbottalexa@example.com,889-611-7957x006,2000-09-15,Gaffer,2022-01-01 01:00
401,2d095fbC75DD2E3,Fred,Watson,Male,robertserika@example.com,733-979-7442x10889,1956-08-08,Software engineer,2022-01-01 01:00
402,dd41BAcFE07aC1e,Frederick,Vaughan,Male,kerrylambert@example.org,6570615597,1997-10-30,Archaeologist,2022-01-01 01:00
403,07C7D6eF4EA5fC6,Michelle,Odom,Male,kaylee53@example.com,(820)611-6094x27899,1968-03-27,Geophysical data processor,2022-01-01 01:00
404,E6B22247973c2df,Lori,Short,Female,allisonjulian@example.org,001-551-118-4846x16350,1974-10-05,"Investment banker, corporate",2022-01-01 01:00
405,837AE9AdaeeA5E9,Chase,Proctor,Male,bettyparks@example.org,150-338-3811,1991-03-08,Tourism officer,2022-01-01 01:00
406,a26CBf68aEcCe0f,Leslie,Jefferson,Male,lherring@example.net,5919263180,1951-04-27,"Surveyor, building control",2022-01-01 01:00
407,2daDc1b58FDffFf,Russell,Phelps,Male,omoody@example.org,238.778.7295x27813,2018-09-10,Photographer,2022-01-01 01:00
408,Fec549aE85C644a,Toni,Hodges,Male,stefanieroy@example.net,286-937-4325,1971-11-06,Translator,2022-01-01 01:00
409,8800BFbcf3eBF0E,Reginald,Diaz,Female,hmitchell@example.com,001-042-006-3546x754,1939-03-28,Naval architect,2022-01-01 01:00
410,d523b9dFBe46bA8,Robert,Santos,Male,pollardmarie@example.org,695.105.3611x714,1985-12-16,Solicitor,2022-01-01 01:00
411,3a7eBAC55C0ceCE,Derek,Burton,Male,kara23@example.net,262-538-2854,1990-06-18,"Radiographer, diagnostic",2022-01-01 01:00
412,929e7cE6fA728d5,Preston,Holmes,Male,bauerevan@example.net,+1-142-227-8011x077,1968-08-20,Accommodation manager,2022-01-01 01:00
413,d2eACeD7Fbbba84,Raven,Vaughan,Male,baldwinevelyn@example.com,+1-156-344-0018x483,1925-06-16,Music therapist,2022-01-01 01:00
414,2FEEdBA9324dACd,Candace,Gentry,Male,destiny24@example.com,001-877-797-5461x139,1913-12-26,Brewing technologist,2022-01-01 01:00
415,e2Fe170Eb9FEEbF,Robyn,Hendricks,Female,gabrielawhite@example.com,+1-987-919-2297x58333,1997-04-25,Medical technical officer,2022-01-01 01:00
416,CeceEcFB664f941,Briana,Ford,Male,chloeburke@example.com,793.930.1695x919,1971-11-06,Dancer,2022-01-01 01:00
417,c21EB77Bb4B768b,Francisco,Montoya,Female,prestonharold@example.org,001-573-002-0119x18619,1939-08-19,Corporate treasurer,2022-01-01 01:00
418,ba7d5CA605CB826,Sally,Eaton,Female,bmeadows@example.net,630-159-2151x58178,1993-05-18,Secretary/administrator,2022-01-01 01:00
419,7a90eC12e0c8CB0,Bill,Long,Male,stevensonevelyn@example.com,+1-054-353-7172x0053,1953-01-27,Surgeon,2022-01-01 01:00
420,4eED9BF1F98E910,Douglas,Michael,Male,awiggins@example.org,+1-206-663-0017x86425,1983-09-15,Insurance risk surveyor,2022-01-01 01:00
421,E5b79C9bfC9CbBf,Amber,Sullivan,Male,donnadelacruz@example.net,239-725-8065,1948-02-24,Museum/gallery exhibitions officer,2022-01-01 01:00
422,Ae8B7bBeAdce2e4,Darryl,Gonzalez,Male,xscott@example.org,951.538.1002x5293,1909-05-14,Tourism officer,2022-01-01 01:00
423,25fc565A324ffea,Kara,Deleon,Female,heathyesenia@example.net,201-862-4150x00725,1921-12-01,Community pharmacist,2022-01-01 01:00
424,a37b2aA3eB03e50,Karen,Nixon,Female,hollyrhodes@example.org,364.750.5989x281,1957-01-12,Transport planner,2022-01-01 01:00
425,CFA76CBCfFEdb4F,Theresa,Williams,Female,connie19@example.org,+1-815-371-2934x96929,1990-01-10,"Surveyor, building",2022-01-01 01:00
426,d2dED9b4C86D7Db,Danny,Holland,Male,johnhall@example.org,368-773-3849x449,1992-09-27,Financial manager,2022-01-01 01:00
427,e122d71C60F641d,Latoya,Gutierrez,Female,tvalencia@example.com,226-699-8333x68335,1976-11-16,Comptroller,2022-01-01 01:00
428,DF30a99eFfcB74e,Christy,Suarez,Male,lynnterri@example.org,268-767-6361x3580,1946-03-06,"Engineer, civil (contracting)",2022-01-01 01:00
429,cBb687f2A4D4CFa,Monique,Munoz,Female,mmack@example.net,3166679056,1958-12-04,"Engineer, technical sales",2022-01-01 01:00
430,17B9Df49dd509Bf,Samantha,Shaffer,Male,jhuffman@example.org,+1-044-612-8999x8526,2014-04-24,Arts development officer,2022-01-01 01:00
431,2A7eab22DCc94D4,Ian,Knight,Male,scott50@example.net,+1-943-946-5705x7169,1981-12-22,"Engineer, aeronautical",2022-01-01 01:00
432,77cb865DAdb7aca,Eric,Bush,Female,connie11@example.com,912.299.4636,1954-05-04,Intelligence analyst,2022-01-01 01:00
433,6d4EA62DC03ddfa,Greg,Chapman,Female,lesliekidd@example.com,918.495.6399x22883,1970-08-06,Recruitment consultant,2022-01-01 01:00
434,Cd1b4C20246ED5A,Cheryl,Levine,Female,bbaxter@example.net,219-611-6981x8864,1982-10-08,Television/film/video producer,2022-01-01 01:00
435,dcfBa8dBc5948e0,Dave,Barajas,Female,krystalcunningham@example.net,254.879.3373,2007-08-18,Tour manager,2022-01-01 01:00
436,c800F8D1FBF5BAd,Sonia,Reese,Male,shelbylester@example.net,517.715.5602x5830,2008-05-28,Medical illustrator,2022-01-01 01:00
437,cfC4A08a6ba64ad,Geoffrey,Mcintosh,Female,sandywalter@example.net,670.439.2785x68004,1958-11-23,Patent attorney,2022-01-01 01:00
438,94C744BA890eaB7,Zoe,Castro,Male,wbarr@example.net,+1-510-958-7904x49711,2015-03-08,Music therapist,2022-01-01 01:00
439,e5FF34Bee4CcaeC,Melanie,Miranda,Female,aimee73@example.org,536-263-8290,1974-11-26,"Designer, textile",2022-01-01 01:00
440,b6e46bED26B9A67,Madeline,Moody,Female,huntmaxwell@example.com,730-279-7721,1938-06-12,"Accountant, chartered management",2022-01-01 01:00
441,fEA8aD4DcDAb8ff,Hannah,Chapman,Female,brentmullins@example.net,656-566-2441,1957-05-06,Physiological scientist,2022-01-01 01:00
442,a1Cd8Ecc3eac9FA,Lindsay,Cowan,Male,ulowery@example.org,995.124.0911x695,1944-05-01,Outdoor activities/education manager,2022-01-01 01:00
443,A104dD9A566b561,Lacey,Tucker,Female,willismalik@example.net,+1-608-318-4916x6641,1911-09-26,Colour technologist,2022-01-01 01:00
444,794a4dF44bAfB2C,Roger,Bullock,Male,lauren99@example.org,001-878-521-6137,1933-05-12,Radiation protection practitioner,2022-01-01 01:00
445,BDEb33AaE5fBEEe,Shelly,Kirby,Female,albertmoran@example.org,001-759-133-7436x533,1978-04-10,Multimedia specialist,2022-01-01 01:00
446,4C40e0ef5Ef110E,Marcia,Hines,Female,harveytoni@example.com,925.841.8718,1952-11-30,"Administrator, Civil Service",2022-01-01 01:00
447,3632Ba3ddB76ADa,Herbert,Bowman,Male,corybass@example.org,(922)235-7687x054,1932-09-29,Contracting civil engineer,2022-01-01 01:00
448,Da7BEC7EDCfe57A,Leroy,Stephens,Female,terri83@example.net,(876)696-1521x4752,1926-01-10,"Secretary, company",2022-01-01 01:00
449,Cbffec6a2a4E1Db,Caroline,Ortega,Female,gdennis@example.org,(244)141-9518,1937-01-10,Mining engineer,2022-01-01 01:00
450,4146F10b07fdd7b,Maureen,Randall,Male,pittsmary@example.com,(915)731-7321x7566,1974-01-29,"Radiographer, diagnostic",2022-01-01 01:00
451,f59A1AbAb73a66D,Edgar,Booker,Male,burnettsheila@example.org,+1-802-786-7076,1975-12-02,Clinical molecular geneticist,2022-01-01 01:00
452,5F655C436bAbdED,Tanya,Mack,Female,diazrachael@example.net,328.178.7941x162,1992-01-17,Building surveyor,2022-01-01 01:00
453,Cab09d7cc6BBeE5,Walter,Ochoa,Female,janice44@example.com,(756)967-4930x657,1955-04-27,Clinical psychologist,2022-01-01 01:00
454,AD9aFDD0bfDEC5d,Rose,Norton,Female,nheath@example.net,(086)095-5255,1968-04-27,Purchasing manager,2022-01-01 01:00
455,EdfB5d476F1Ef6F,Rhonda,Mccormick,Male,stanley55@example.org,(602)455-9418x087,1951-08-17,Midwife,2022-01-01 01:00
456,1F6D7AcfCFf912A,Cameron,Kaiser,Male,cervantestim@example.net,001-918-684-8604x93980,1967-01-29,Airline pilot,2022-01-01 01:00
457,2c363D2Fad129E8,Mckenzie,Nolan,Female,rosarioclayton@example.net,202.332.4147,1957-11-06,"Engineer, maintenance (IT)",2022-01-01 01:00
458,80a952E9B2cDa9d,Tom,Key,Female,barkermartha@example.com,(380)942-5501,1921-07-20,Technical author,2022-01-01 01:00
459,1be7C83Bb54Fcb5,Ernest,Tapia,Female,sheenasherman@example.com,001-908-931-6595x6719,1986-09-29,Hospital pharmacist,2022-01-01 01:00
460,3519e1C1edd6DEa,Darlene,Donovan,Female,tylermaxwell@example.com,292-673-6682,1920-05-20,Fitness centre manager,2022-01-01 01:00
461,075eF9868879457,Terrence,Powers,Male,jose82@example.net,001-673-505-0091x935,1907-07-12,Social worker,2022-01-01 01:00
462,41dcDa5310ACF9b,Victoria,Barr,Female,faithvalenzuela@example.com,+1-273-236-6633x756,1936-06-12,Special educational needs teacher,2022-01-01 01:00
463,9048b91125cf4af,Joann,Lin,Female,angieglenn@example.com,(586)942-4547x3264,1925-08-19,"Geologist, wellsite",2022-01-01 01:00
464,Cea90D90Efa1e6d,Melinda,Olson,Male,bsteele@example.org,178.400.2015x7024,1923-05-27,Financial adviser,2022-01-01 01:00
465,bCEA5e1BD7cdD2a,Chloe,Atkins,Male,russell18@example.org,(936)088-5760,1953-07-19,Barrister,2022-01-01 01:00
466,459E0Ebb51d1ffD,Amy,Reeves,Female,manningcurtis@example.org,662.098.5211,1933-05-01,Fast food restaurant manager,2022-01-01 01:00
467,Cf2338bAeEaeDcC,Troy,Jensen,Female,eduardomassey@example.org,858-329-4977x08422,2016-03-05,Medical laboratory scientific officer,2022-01-01 01:00
468,B1ebBe01763AcCd,Natasha,Fry,Male,kristy56@example.org,(169)991-6409,2007-03-07,Higher education careers adviser,2022-01-01 01:00
469,AC3CBcCB02BeE63,Marvin,Reed,Female,jamie08@example.org,(496)921-0872x383,2012-06-10,Drilling engineer,2022-01-01 01:00
470,2ebBA44b676df34,Corey,Schneider,Male,hhernandez@example.com,541-697-6321x12496,1934-09-08,"Engineer, civil (contracting)",2022-01-01 01:00
471,df1Be77cba40C7E,Blake,Holland,Female,peggykelly@example.net,(968)637-2704,1920-01-30,"Surveyor, land/geomatics",2022-01-01 01:00
472,7815Be3404a1eF0,Kelly,Mcdonald,Female,adaniel@example.net,(463)373-7028x37318,1939-02-08,"Horticulturist, amenity",2022-01-01 01:00
473,86c55CEaAcd1E9c,Lindsey,Berry,Female,frydouglas@example.org,687-113-5839,1922-10-14,Corporate investment banker,2022-01-01 01:00
474,B8c44dBC7F59eCe,Erik,Woods,Female,oayers@example.net,001-324-281-3903x3506,1927-11-08,Agricultural engineer,2022-01-01 01:00
475,B4Cf8C1fFBa094f,Kristy,Hamilton,Female,deborahdickson@example.org,527-740-2437x7730,1983-02-15,Arts development officer,2022-01-01 01:00
476,bFbe8f0e2BD22D2,Shari,Bean,Female,malikvargas@example.net,001-698-318-0253x12037,1958-08-18,"Scientist, biomedical",2022-01-01 01:00
477,4d17e228ccDF2db,Elaine,Haley,Male,keithli@example.com,517.770.0196,2015-02-05,Wellsite geologist,2022-01-01 01:00
478,8CAedCab0B7a6A6,Kristie,Ayala,Female,seanmorton@example.com,703-154-6756x270,1974-08-11,"Sound technician, broadcasting/film/video",2022-01-01 01:00
479,ed8102E7a1cd5c7,Haley,Curtis,Male,iwelch@example.org,(629)042-4621x349,1946-01-18,Clinical molecular geneticist,2022-01-01 01:00
480,57C15018bb1d064,Tracey,Pace,Male,lavery@example.org,619.438.8404x2036,1934-07-23,Adult nurse,2022-01-01 01:00
481,DFdDC84a9B3Ec3a,Elizabeth,Walter,Male,phillip87@example.net,(937)223-8699x69521,1909-02-12,Production manager,2022-01-01 01:00
482,45503bDCbEcDC4f,Randall,Ware,Male,rioselaine@example.org,001-297-262-3425x283,1963-08-02,Air broker,2022-01-01 01:00
483,15abA0D384CaC73,Cameron,Rangel,Male,brycefriedman@example.net,(682)756-3128x06194,2002-10-07,"Surveyor, mining",2022-01-01 01:00
484,D24FB2173b0EdfC,Valerie,Farmer,Male,jimmybowers@example.net,708-542-1886,2008-02-01,Records manager,2022-01-01 01:00
485,fce8cafA1aeE8EC,Carrie,Robertson,Male,brian84@example.org,880.159.1704x743,1908-09-16,General practice doctor,2022-01-01 01:00
486,F974FfE190E42BC,Erin,Becker,Male,dianahughes@example.com,104.520.4251,1950-04-06,Orthoptist,2022-01-01 01:00
487,7Ed7543A9bAD5CA,Monique,Joseph,Male,wayne60@example.com,818.822.2228x73701,1944-03-16,Housing manager/officer,2022-01-01 01:00
488,cb32028d5Fb306d,Cassie,Davies,Female,brandimarsh@example.com,684-800-0129,1937-11-29,Clinical cytogeneticist,2022-01-01 01:00
489,E2bBdBBbA1bCfA6,Perry,Solomon,Female,wendymassey@example.org,001-462-956-3376x8821,1909-07-07,Outdoor activities/education manager,2022-01-01 01:00
490,EcA65Ab8D1AEf3a,Susan,Gamble,Male,blairkaylee@example.com,(227)049-1787x8655,2003-10-14,Psychotherapist,2022-01-01 01:00
491,51C3e6Ba6eDc824,Henry,Oconnell,Male,zachary90@example.com,5907505318,1966-07-22,Tax inspector,2022-01-01 01:00
492,c87d45C83dFfFaF,Austin,Maddox,Female,graveswanda@example.com,5036052527,1928-06-03,Media buyer,2022-01-01 01:00
493,FF6388E12D085B0,Julian,Mcdaniel,Male,hrios@example.org,+1-418-083-3402x7587,2020-07-13,Health and safety adviser,2022-01-01 01:00
494,0454b7feEBbBf6c,Zachary,Villanueva,Male,jerryhanna@example.net,(699)656-4614x17282,1946-06-02,Network engineer,2022-01-01 01:00
495,27d70Fe6f4Bf8CC,Kaylee,Cummings,Female,kfoley@example.org,159.570.5686x3966,2001-05-06,Insurance broker,2022-01-01 01:00
496,cD178fC6d9a9b33,Shannon,Armstrong,Male,noah50@example.net,138-653-3295x35768,1912-10-21,Geophysical data processor,2022-01-01 01:00
497,C9B73dD9DD3Bab8,Summer,Bridges,Male,khendrix@example.net,548.651.7188,1970-09-03,Consulting civil engineer,2022-01-01 01:00
498,Dd099C26C19C5ec,Levi,Osborne,Female,ibarker@example.org,370.235.1939x1047,1907-01-15,"Teacher, music",2022-01-01 01:00
499,576Df8F1B12C5B6,Rick,Torres,Female,rita50@example.com,2812843715,1980-04-03,"Psychotherapist, dance movement",2022-01-01 01:00
